,WMO,Prof,Date,Lat,Lon,O2Inv,O2EqInv
0,4900345.0,1.0,2004-06-17 07:31:58.997666,51.777,-48.455,515.1916965591904,572.0075416343858
1,4900345.0,2.0,2004-06-22 06:20:07.002064,51.927,-48.621,470.0252151979549,568.2750772730097
2,4900345.0,3.0,2004-06-27 06:10:02.001279,51.922,-48.595,483.05747884085696,570.833862565656
4,4900345.0,5.0,2004-07-07 03:32:44.000407,51.742,-48.534,509.2615098125667,571.1617780843861
5,4900345.0,6.0,2004-07-12 02:22:33.999988,51.726,-48.597,434.6505613816952,571.1514972095127
7,4900345.0,8.0,2004-07-22 05:52:26.999642,52.022,-49.29,488.67484375045655,569.9659269647233
8,4900345.0,9.0,2004-07-27 04:19:04.000621,52.048,-49.102,519.9652352202046,572.601249546398
9,4900345.0,10.0,2004-08-01 03:38:56.999558,52.129,-49.493,504.43181762289134,571.4849722214045
10,4900345.0,11.0,2004-08-06 02:46:22.000776,52.01,-49.488,505.77838377342573,570.7166516655914
11,4900345.0,12.0,2004-08-11 05:02:27.999853,52.079,-49.199,515.1459911698347,570.7291335855626
12,4900345.0,13.0,2004-08-16 03:59:06.999832,51.575,-48.977,540.7207244488587,572.7972691277317
13,4900345.0,14.0,2004-08-21 05:34:26.000313,51.711,-49.041,528.5897339404873,572.8805631440637
14,4900345.0,15.0,2004-08-26 02:09:24.000172,51.722,-48.814,534.2869116879491,572.517613015303
15,4900345.0,16.0,2004-08-31 06:25:38.999455,51.621,-48.644,540.8928766719271,570.6757101021173
16,4900345.0,17.0,2004-09-05 03:40:18.000119,51.274,-48.557,525.9223384572856,571.22633340104
17,4900345.0,18.0,2004-09-10 07:00:25.998393,50.909,-48.423,504.3228097652905,568.5050748700388
18,4900345.0,19.0,2004-09-15 04:42:17.000510,50.724,-47.964,512.7931885692158,570.4843525945048
19,4900345.0,20.0,2004-09-20 04:01:36.000192,50.516,-47.989,521.6877982053054,569.7214197203967
20,4900345.0,21.0,2004-09-25 05:34:04.000195,50.347,-48.158,499.43038274050593,571.4184766917763
21,4900345.0,22.0,2004-09-30 02:15:17.000547,50.14,-48.178,513.023232278634,572.6444139415718
22,4900345.0,23.0,2004-10-05 04:28:34.000507,49.939,-48.382,490.94615039769144,570.762867557404
23,4900345.0,24.0,2004-10-10 03:45:36.000244,49.962,-48.51,523.1242937704307,572.5637868100554
24,4900345.0,25.0,2004-10-15 04:11:47.000540,49.873,-48.095,513.5146820986964,571.6395884821477
26,4900345.0,27.0,2004-10-25 02:31:42.000395,49.402,-47.69,540.3103784507863,571.2202345537394
27,4900345.0,28.0,2004-10-30 04:35:55.000726,49.003,-47.442,499.47549940278884,571.5262224531298
22,4900494.0,23.0,2005-01-10 12:42:00.000000,58.316001892089844,-48.025001525878906,516.6217852603606,570.2890565397744
23,4900494.0,24.0,2005-01-20 17:14:00.000000,57.518001556396484,-47.77000045776367,521.8247434358752,571.5273840969445
24,4900494.0,25.0,2005-01-30 13:27:00.000000,57.96900177001953,-49.14400100708008,531.9722552821414,571.806205442796
25,4900494.0,26.0,2005-02-09 16:17:59.999999,57.737998962402344,-48.4119987487793,526.7125524266087,574.4090282794442
26,4900494.0,27.0,2005-02-19 12:15:00.000000,57.10900115966797,-48.10900115966797,526.4454403593987,574.0687447791212
27,4900494.0,28.0,2005-03-01 16:21:00.000000,57.202999114990234,-48.624000549316406,526.3477921455191,573.9424731257278
28,4900494.0,29.0,2005-03-11 12:40:00.000000,57.0369987487793,-48.7869987487793,528.1561766351068,575.7011613345986
29,4900494.0,30.0,2005-03-21 15:53:00.000000,57.43000030517578,-48.80400085449219,529.5250130772743,575.7458238686655
30,4900494.0,31.0,2005-03-31 12:16:00.000000,57.27199935913086,-49.89500045776367,531.9792001344512,574.4945004630499
31,4900494.0,32.0,2005-04-10 16:48:00.000000,56.56700134277344,-48.59400177001953,527.8600952893518,575.710221291321
32,4900494.0,33.0,2005-04-20 13:01:00.000000,56.32099914550781,-50.02299880981445,526.1574664737591,575.702406871716
95,4900494.0,96.0,2007-01-10 15:45:00.000000,54.59199905395508,-47.630001068115234,511.0659974803271,572.6491899248305
121,4900494.0,122.0,2007-09-27 13:35:00.000000,58.54999923706055,-49.36399841308594,521.9500902309177,566.7012033733871
123,4900494.0,124.0,2007-10-17 12:18:00.000000,59.055999755859375,-49.82400131225586,518.4176991935709,571.3924148466859
129,4900494.0,130.0,2007-12-16 12:38:00.000000,59.07600021362305,-51.07500076293945,514.8811611397658,568.1464287630008
131,4900494.0,132.0,2008-01-05 12:24:59.999999,58.60900115966797,-51.98500061035156,521.2017158728614,572.3049311252772
132,4900494.0,133.0,2008-01-15 16:23:00.000000,58.422000885009766,-52.266998291015625,518.6490910272256,573.2515197744806
135,4900494.0,136.0,2008-02-14 13:06:00.000000,58.0,-52.319000244140625,522.2688376714449,574.8698828241123
137,4900494.0,138.0,2008-03-05 12:05:00.000000,57.928001403808594,-53.89500045776367,519.7230877224162,574.9268990323982
138,4900494.0,139.0,2008-03-15 16:35:00.000000,56.715999603271484,-53.78900146484375,529.8539324648755,576.6488772281854
141,4900494.0,142.0,2008-04-14 12:55:00.000000,55.66899871826172,-51.099998474121094,526.9508627467221,575.4939675293576
0,4900879.0,1.0,2006-06-10 08:24:00.000000,61.79499816894531,-51.16600036621094,508.6085084116201,567.7939388755341
1,4900879.0,2.0,2006-06-20 08:20:00.000000,62.20500183105469,-53.8849983215332,506.76764959676495,568.9318054707591
2,4900879.0,3.0,2006-06-30 08:24:00.000000,61.810001373291016,-55.172000885009766,505.6135892254976,569.0432748508092
3,4900879.0,4.0,2006-07-10 08:41:00.000000,61.821998596191406,-55.79899978637695,503.0346869921775,568.8036994267459
4,4900879.0,5.0,2006-07-20 06:04:00.000000,61.79800033569336,-56.21099853515625,505.6457295786866,569.0173697363783
5,4900879.0,6.0,2006-07-30 11:33:00.000000,61.58399963378906,-56.19499969482422,505.8655931397928,569.9916351023467
6,4900879.0,7.0,2006-08-09 04:54:00.000000,61.617000579833984,-56.659000396728516,506.5164767566852,569.1725827987112
7,4900879.0,8.0,2006-08-19 08:38:00.000000,61.42900085449219,-57.577999114990234,506.2779991226708,569.3528412703287
8,4900879.0,9.0,2006-08-29 04:46:00.000000,61.284000396728516,-57.8849983215332,507.11789561072766,568.9067657486595
9,4900879.0,10.0,2006-09-08 08:59:00.000000,60.882999420166016,-58.334999084472656,512.0533377445101,568.9162195444115
10,4900879.0,11.0,2006-09-18 06:08:00.000000,60.39500045776367,-58.61000061035156,514.7366708748015,570.1043428188693
11,4900879.0,12.0,2006-09-28 05:52:00.000000,59.35200119018555,-58.810001373291016,513.4274664615157,569.4579404363897
12,4900879.0,13.0,2006-10-08 09:00:00.000000,58.608001708984375,-58.76900100708008,512.3178337300575,569.234119140006
14,4900879.0,15.0,2006-10-28 08:25:00.000000,57.46900177001953,-58.57400131225586,508.1978564679547,568.3840627065176
15,4900879.0,16.0,2006-11-07 09:19:00.000000,56.638999938964844,-57.82899856567383,508.77101707906786,572.3107602268267
16,4900879.0,17.0,2006-11-17 08:30:00.000000,56.45500183105469,-57.391998291015625,506.8129108525493,568.99456185323
18,4900879.0,19.0,2006-12-07 08:37:00.000000,55.43000030517578,-55.465999603271484,510.19914466203585,569.509934204494
19,4900879.0,20.0,2006-12-17 04:25:00.000000,55.12300109863281,-53.266998291015625,508.4976390630356,568.8676598233458
20,4900879.0,21.0,2006-12-27 04:23:00.000000,54.45500183105469,-52.051998138427734,512.0284176407631,570.5488221036977
21,4900879.0,22.0,2007-01-06 04:23:00.000000,53.41600036621094,-51.43000030517578,514.4667032072014,571.8972198520105
22,4900879.0,23.0,2007-01-16 05:59:00.000000,52.305999755859375,-50.33599853515625,512.2571213137855,571.9064179159385
23,4900879.0,24.0,2007-01-26 05:57:00.000000,51.27000045776367,-48.65299987792969,514.4478407794714,571.6762494271136
24,4900879.0,25.0,2007-02-05 05:47:00.000000,51.06100082397461,-47.9010009765625,517.6108768526631,571.4815196687624
25,4900879.0,26.0,2007-02-15 05:52:00.000000,50.48099899291992,-47.513999938964844,510.0557989370349,571.4793813806674
26,4900879.0,27.0,2007-02-25 08:36:00.000000,49.96500015258789,-47.75600051879883,513.6784712309205,572.0203115216758
27,4900879.0,28.0,2007-03-07 05:47:00.000000,49.069000244140625,-46.65299987792969,512.878121390171,572.0099945714454
29,4900879.0,30.0,2007-03-27 05:42:00.000000,49.236000061035156,-46.15599822998047,515.2078484107248,573.9729875838724
30,4900879.0,31.0,2007-04-06 08:23:00.000000,49.34700012207031,-46.24399948120117,512.7741459802473,571.5800864677567
31,4900879.0,32.0,2007-04-16 05:35:00.000000,49.33100128173828,-45.994998931884766,509.44985287642334,571.6080956642107
32,4900879.0,33.0,2007-04-26 08:38:00.000000,49.604000091552734,-45.36199951171875,517.5653012959501,572.0806555607099
34,4900879.0,35.0,2007-05-16 09:24:00.000000,49.650001525878906,-45.7859992980957,507.1809660662153,569.764105702523
35,4900879.0,36.0,2007-05-26 06:08:00.000000,49.85200119018555,-46.6150016784668,500.6849779389821,568.8281678921969
36,4900879.0,37.0,2007-06-05 09:12:00.000000,49.59400177001953,-46.70399856567383,504.31369995566695,569.5203739627153
37,4900879.0,38.0,2007-06-15 05:19:00.000000,49.733001708984375,-47.12699890136719,505.79014333644636,568.9784363071823
38,4900879.0,39.0,2007-06-25 08:36:00.000000,49.5359992980957,-46.750999450683594,504.8322027147693,569.0595104849905
40,4900879.0,41.0,2007-07-15 08:31:00.000000,49.41600036621094,-46.641998291015625,505.05064935936497,568.8058424492885
41,4900879.0,42.0,2007-07-25 05:08:00.000000,49.415000915527344,-46.80500030517578,503.8516568616549,569.0571442094581
42,4900879.0,43.0,2007-08-04 09:14:00.000000,49.29600143432617,-46.34000015258789,503.602183437292,568.4812634369782
43,4900879.0,44.0,2007-08-14 05:00:00.000000,49.33300018310547,-45.946998596191406,503.7919603302953,568.7311003852382
44,4900879.0,45.0,2007-08-24 08:42:00.000000,49.50299835205078,-45.65700149536133,504.12712771957644,568.4990521221406
45,4900879.0,46.0,2007-09-03 06:36:00.000000,49.40800094604492,-45.89699935913086,502.54214946367136,568.5753522534512
46,4900879.0,47.0,2007-09-13 09:46:00.000000,49.507999420166016,-45.60599899291992,503.4709191029331,568.3294747262515
48,4900879.0,49.0,2007-10-03 09:13:00.000000,49.96900177001953,-45.358001708984375,496.787744166813,566.1463255682921
49,4900879.0,50.0,2007-10-13 06:23:00.000000,50.65800094604492,-45.012001037597656,472.88337881950514,554.1465438903963
51,4900879.0,52.0,2007-11-02 08:23:00.000000,52.125,-45.284000396728516,482.19154810575094,562.0128113026072
55,4900879.0,56.0,2007-12-12 08:55:00.000000,52.49599838256836,-45.97200012207031,496.18043955543476,566.4695684012053
56,4900879.0,57.0,2007-12-22 08:37:00.000000,51.97700119018555,-46.54800033569336,496.45876216599146,567.8729566862189
57,4900879.0,58.0,2008-01-01 05:57:00.000000,51.78200149536133,-46.41299819946289,497.0457149415061,567.934680827005
58,4900879.0,59.0,2008-01-11 08:43:00.000000,51.768001556396484,-46.51900100708008,496.485515812634,567.5832091686871
59,4900879.0,60.0,2008-01-21 05:47:59.999999,51.6879997253418,-46.73500061035156,498.7347413075621,567.8839477123679
60,4900879.0,61.0,2008-01-31 09:12:00.000000,51.49100112915039,-47.34299850463867,499.2109019322615,569.2323838549473
61,4900879.0,62.0,2008-02-10 05:44:00.000000,51.520999908447266,-47.082000732421875,502.2596336016583,569.0046356787257
62,4900879.0,63.0,2008-02-20 05:39:59.999999,51.69200134277344,-46.72200012207031,502.8969784416183,568.9190456275551
63,4900879.0,64.0,2008-03-01 08:50:00.000000,52.013999938964844,-47.15999984741211,504.2326812368556,567.9000649561648
64,4900879.0,65.0,2008-03-11 06:23:00.000000,52.05500030517578,-47.61899948120117,503.3258944237512,568.0626398013833
65,4900879.0,66.0,2008-03-21 08:47:59.999999,51.832000732421875,-48.354000091552734,513.4651318265023,570.9553750604332
66,4900879.0,67.0,2008-03-31 05:25:00.000000,52.340999603271484,-49.108001708984375,507.17720452783857,569.7329809390518
67,4900879.0,68.0,2008-04-10 08:39:59.999999,52.165000915527344,-48.816001892089844,519.3046149981674,571.4573503798811
68,4900879.0,69.0,2008-04-20 05:18:00.000000,52.04999923706055,-48.48099899291992,523.8124763794416,571.8819951477523
69,4900879.0,70.0,2008-04-30 08:21:00.000000,51.638999938964844,-48.492000579833984,508.72464807693825,570.0422832472603
70,4900879.0,71.0,2008-05-10 05:10:59.999999,51.018001556396484,-48.310001373291016,508.38248274692546,571.3343519539457
71,4900879.0,72.0,2008-05-20 08:26:00.000000,50.35300064086914,-48.354000091552734,516.5831408683058,573.8353269187854
72,4900879.0,73.0,2008-05-30 09:09:00.000000,49.85900115966797,-48.743988037109375,514.980315166501,572.4637100481391
73,4900879.0,74.0,2008-06-09 08:53:00.000000,49.069000244140625,-48.89099884033203,512.8398195283243,572.9926417625973
74,4900879.0,75.0,2008-06-19 04:54:59.999999,48.72200012207031,-48.268001556396484,515.2564499553159,573.3245996448023
75,4900879.0,76.0,2008-06-29 04:54:00.000000,48.3849983215332,-47.60200119018555,517.0939131264508,573.4305818973523
76,4900879.0,77.0,2008-07-09 09:40:00.000000,48.47800064086914,-46.367000579833984,517.2344024901672,571.8316035088683
0,4900880.0,1.0,2006-06-09 07:42:00.000000,61.244998931884766,-50.520999908447266,506.0218726256754,568.0925828323722
1,4900880.0,2.0,2006-06-19 08:31:59.999999,61.92900085449219,-51.025001525878906,513.6313037405266,565.7717248568943
2,4900880.0,3.0,2006-06-29 11:27:00.000000,62.24700164794922,-51.12900161743164,519.2939688686996,569.1379157207766
3,4900880.0,4.0,2006-07-09 07:28:00.000000,62.52299880981445,-53.0099983215332,513.1205787879001,567.8169342292251
4,4900880.0,5.0,2006-07-19 07:56:00.000000,62.70199966430664,-53.63199996948242,511.18319264615644,567.5254609203506
19,4900880.0,20.0,2006-12-16 12:03:00.000000,61.724998474121094,-59.874000549316406,510.28733780304657,567.8449192073987
20,4900880.0,21.0,2006-12-26 07:53:00.000000,61.50400161743164,-59.770999908447266,511.0329905738216,568.4930859109506
21,4900880.0,22.0,2007-01-05 07:53:00.000000,61.24800109863281,-59.65999984741211,512.0118626381726,568.6513018061712
22,4900880.0,23.0,2007-01-15 07:30:00.000000,61.361000061035156,-59.92300033569336,512.4439368246872,568.6701119541592
23,4900880.0,24.0,2007-01-25 07:46:00.000000,61.14500045776367,-59.70899963378906,513.4627018065278,568.8607939448985
24,4900880.0,25.0,2007-02-04 07:44:00.000000,61.09400177001953,-59.93499755859375,517.6160998457218,570.0241256079853
25,4900880.0,26.0,2007-02-14 11:53:00.000000,60.803001403808594,-60.417999267578125,507.42920481295283,568.0196991882248
26,4900880.0,27.0,2007-02-24 07:39:00.000000,60.46699905395508,-60.239013671875,512.2460478594546,569.3450458574072
27,4900880.0,28.0,2007-03-06 07:36:00.000000,60.29800033569336,-60.040985107421875,519.648048638382,569.2736660875848
28,4900880.0,29.0,2007-03-16 07:48:00.000000,59.6349983215332,-59.15399169921875,514.0328293790793,569.9133196369843
29,4900880.0,30.0,2007-03-26 07:57:00.000000,60.08399963378906,-59.1929931640625,518.39152310974,571.4383139805722
31,4900880.0,32.0,2007-04-15 08:04:00.000000,59.577999114990234,-59.1199951171875,514.4261487187375,573.335414327355
32,4900880.0,33.0,2007-04-25 08:01:00.000000,59.400001525878906,-59.239013671875,512.9390904668652,571.3815052339635
33,4900880.0,34.0,2007-05-05 08:28:00.000000,58.97800064086914,-59.001007080078125,515.5722500216194,572.3657261809763
34,4900880.0,35.0,2007-05-15 08:06:00.000000,58.361000061035156,-57.9739990234375,516.9735076320084,572.2223115794515
35,4900880.0,36.0,2007-05-25 07:59:00.000000,58.13600158691406,-57.72900390625,519.8184961516163,570.9401839582624
36,4900880.0,37.0,2007-06-04 08:13:00.000000,57.48699951171875,-56.923004150390625,522.9083225972082,571.1583565620791
37,4900880.0,38.0,2007-06-14 08:49:00.000000,57.47600173950195,-56.167999267578125,529.6950516682949,571.452701890137
38,4900880.0,39.0,2007-06-24 08:18:00.000000,57.49599838256836,-55.652008056640625,530.6689204419188,572.0273638135726
39,4900880.0,40.0,2007-07-04 07:57:00.000000,57.900001525878906,-55.5419921875,530.5101158106763,571.3426221998427
40,4900880.0,41.0,2007-07-14 08:15:00.000000,58.034000396728516,-55.928985595703125,529.4652257501571,570.8712230293593
41,4900880.0,42.0,2007-07-24 08:02:00.000000,58.39799880981445,-55.84698486328125,529.2264577189467,570.2893158314056
42,4900880.0,43.0,2007-08-03 08:29:00.000000,58.29999923706055,-55.218994140625,529.3410101246138,569.9030537394949
43,4900880.0,44.0,2007-08-13 08:31:59.999999,58.237998962402344,-54.915985107421875,531.3616161404831,570.0117539449506
44,4900880.0,45.0,2007-08-23 09:47:00.000000,58.20000076293945,-54.84600830078125,531.0006356166956,570.0582133414237
0,4901141.0,1.0,2010-05-19 09:05:00.000000,59.0,-49.87200164794922,406.14526909008777,570.8634660221336
1,4901141.0,2.0,2010-05-29 06:04:00.000000,58.41699981689453,-49.52399826049805,409.040906134314,570.4268849584417
2,4901141.0,3.0,2010-06-08 07:17:59.999999,59.000999450683594,-48.74300003051758,410.3341725090047,569.9799885592397
3,4901141.0,4.0,2010-06-18 08:55:59.999999,58.6609992980957,-48.74100112915039,408.045090432801,568.3640195709362
4,4901141.0,5.0,2010-06-28 07:13:00.000000,58.33100128173828,-49.762001037597656,409.4638815463832,569.291576270569
5,4901141.0,6.0,2010-07-08 09:03:00.000000,58.33700180053711,-48.79999923706055,409.18404471336436,568.8901972589912
6,4901141.0,7.0,2010-07-18 06:53:00.000000,58.354000091552734,-48.09700012207031,409.6272516256097,569.2986517384982
7,4901141.0,8.0,2010-07-28 09:32:59.999999,58.03499984741211,-47.25400161743164,407.830019522542,568.3018109787623
8,4901141.0,9.0,2010-08-07 08:44:00.000000,57.61600112915039,-46.6879997253418,403.5538491216864,566.6961949559801
9,4901141.0,10.0,2010-08-17 09:05:00.000000,57.54600143432617,-46.404998779296875,405.0425089138,566.7473146496512
10,4901141.0,11.0,2010-08-27 09:12:00.000000,57.856998443603516,-46.28499984741211,403.11379852281186,567.2723605670196
11,4901141.0,12.0,2010-09-06 06:45:00.000000,57.840999603271484,-45.222999572753906,403.44677799038647,567.3136743383135
12,4901141.0,13.0,2010-09-16 09:28:00.000000,58.797000885009766,-45.89799880981445,397.89680474561004,565.261563212167
13,4901141.0,14.0,2010-09-26 06:32:59.999999,58.73500061035156,-45.702999114990234,401.83825038458747,565.5960230585019
14,4901141.0,15.0,2010-10-06 09:14:00.000000,58.448001861572266,-45.933998107910156,397.3438762978635,564.5825009175904
15,4901141.0,16.0,2010-10-16 06:40:59.999999,58.44200134277344,-45.388999938964844,398.76600630514537,563.7081386702573
16,4901141.0,17.0,2010-10-26 09:36:00.000000,58.70800018310547,-45.0369987487793,393.8729167386854,563.133095916589
18,4901141.0,19.0,2010-11-15 06:30:00.000000,60.95899963378906,-49.858001708984375,392.9016685493275,556.2661778123592
19,4901141.0,20.0,2010-11-25 07:37:00.000000,61.902000427246094,-51.48500061035156,396.84793310703856,559.5477552394967
20,4901141.0,21.0,2010-12-05 07:25:00.000000,61.702999114990234,-51.444000244140625,397.2695326889935,557.1690716265618
21,4901141.0,22.0,2010-12-15 09:04:00.000000,62.24800109863281,-52.492000579833984,396.514280663798,559.3239943503911
22,4901141.0,23.0,2010-12-25 07:17:59.999999,62.7400016784668,-52.849998474121094,399.2891787746203,557.0417293674633
23,4901141.0,24.0,2011-01-04 08:54:00.000000,62.939998626708984,-53.018001556396484,400.28250502968467,555.324169431522
0,4901142.0,1.0,2010-05-18 18:35:00.000000,58.28499984741211,-50.85100173950195,515.2377720550577,572.5209194611575
1,4901142.0,2.0,2010-05-28 17:54:00.000000,58.78200149536133,-50.35100173950195,517.7637088564215,570.3979579884824
2,4901142.0,3.0,2010-06-07 17:59:00.000000,58.71799850463867,-50.698001861572266,519.6359841235568,570.9870350695717
3,4901142.0,4.0,2010-06-17 20:41:00.000000,58.770999908447266,-51.625999450683594,516.6243637672441,571.3855424284233
4,4901142.0,5.0,2010-06-27 18:29:00.000000,58.89699935913086,-51.768001556396484,517.840431637016,571.0675086146629
5,4901142.0,6.0,2010-07-07 21:02:00.000000,58.957000732421875,-52.25699996948242,518.026674800223,570.7219061272745
6,4901142.0,7.0,2010-07-17 18:28:00.000000,59.03799819946289,-52.28799819946289,517.8600467723103,570.8847830792076
7,4901142.0,8.0,2010-07-27 21:27:00.000000,59.33599853515625,-52.37300109863281,519.4436729813258,571.2173715002959
8,4901142.0,9.0,2010-08-06 18:29:00.000000,59.638999938964844,-51.768001556396484,520.0144440618823,564.8439571208798
9,4901142.0,10.0,2010-08-16 20:54:00.000000,59.624000549316406,-52.13800048828125,519.5465378056481,562.4251851610844
10,4901142.0,11.0,2010-08-26 18:16:00.000000,59.76499938964844,-53.137001037597656,519.3221549451782,561.5253832949978
11,4901142.0,12.0,2010-09-05 20:59:00.000000,59.0890007019043,-53.14099884033203,516.8469526846133,563.3462535401115
12,4901142.0,13.0,2010-09-15 18:02:00.000000,59.06100082397461,-54.0260009765625,520.0575616297086,567.5543068452781
13,4901142.0,14.0,2010-09-25 20:45:00.000000,59.222999572753906,-52.375999450683594,516.6624043467524,566.8641031226723
14,4901142.0,15.0,2010-10-05 18:27:00.000000,59.35100173950195,-51.03200149536133,516.0825288648367,566.9315386631002
15,4901142.0,16.0,2010-10-15 20:46:00.000000,59.766998291015625,-52.28300094604492,516.8353469629084,566.6986240398395
16,4901142.0,17.0,2010-10-25 18:04:00.000000,60.22700119018555,-53.15599822998047,515.6510084460936,565.4063696011284
17,4901142.0,18.0,2010-11-04 20:42:00.000000,60.40599822998047,-53.2400016784668,515.3074372840333,565.7803027304931
18,4901142.0,19.0,2010-11-14 17:54:00.000000,60.28099822998047,-53.28099822998047,516.7827750056651,566.2406628700104
19,4901142.0,20.0,2010-11-24 21:14:00.000000,59.474998474121094,-53.64099884033203,517.1002720219449,567.2127764429738
20,4901142.0,21.0,2010-12-04 18:12:00.000000,58.99700164794922,-53.3489990234375,518.1881261505158,567.2259960776255
21,4901142.0,22.0,2010-12-14 20:39:00.000000,59.266998291015625,-52.68199920654297,520.2685836841965,567.2775560257622
22,4901142.0,23.0,2010-12-24 18:08:00.000000,59.500999450683594,-50.89799880981445,520.6941224990268,568.9163126503477
23,4901142.0,24.0,2011-01-03 20:38:00.000000,58.63600158691406,-51.441001892089844,521.0483965435408,568.5567652685413
24,4901142.0,25.0,2011-01-13 17:36:00.000000,58.62300109863281,-52.11800003051758,521.3331434753161,569.0239218521125
25,4901142.0,26.0,2011-01-23 19:58:00.000000,58.84600067138672,-51.99800109863281,522.6067819229391,569.3854393671655
26,4901142.0,27.0,2011-02-02 17:19:00.000000,58.30699920654297,-51.72999954223633,523.1316104742602,567.0313706901295
27,4901142.0,28.0,2011-02-12 17:45:00.000000,58.571998596191406,-51.250999450683594,524.1855281499276,569.6895077247503
28,4901142.0,29.0,2011-02-22 20:06:00.000000,58.382999420166016,-51.44200134277344,524.5631256765614,571.1111781467155
29,4901142.0,30.0,2011-03-04 17:21:00.000000,58.750999450683594,-51.03200149536133,522.1196387010217,570.6324929798263
30,4901142.0,31.0,2011-03-14 19:58:00.000000,59.01499938964844,-50.91299819946289,527.046097735365,568.7966280499024
31,4901142.0,32.0,2011-03-24 17:30:00.000000,59.1510009765625,-51.321998596191406,524.213554553393,570.7105474503877
32,4901142.0,33.0,2011-04-03 20:06:00.000000,60.10200119018555,-51.2869987487793,527.7314205456585,570.3711451564994
33,4901142.0,34.0,2011-04-13 17:50:00.000000,59.518001556396484,-52.513999938964844,522.1621869806603,570.3057948208311
34,4901142.0,35.0,2011-04-23 20:10:00.000000,60.10100173950195,-51.13100051879883,530.620516870597,570.0576661617717
35,4901142.0,36.0,2011-05-03 17:41:00.000000,59.79899978637695,-52.257999420166016,526.201285250519,571.6468373476174
36,4901142.0,37.0,2011-05-13 20:01:00.000000,59.691001892089844,-51.74800109863281,525.0655551498162,571.1853989818663
37,4901142.0,38.0,2011-05-23 17:43:00.000000,60.06999969482422,-50.395999908447266,523.6723890544044,571.1139178318839
38,4901142.0,39.0,2011-06-02 20:08:00.000000,61.11199951171875,-49.96200180053711,530.2642185061574,573.8605924654493
40,4901142.0,41.0,2011-06-22 18:08:00.000000,61.930999755859375,-50.909000396728516,528.8752220314439,571.0884049247227
41,4901142.0,42.0,2011-07-02 18:14:00.000000,61.99599838256836,-51.0989990234375,520.3808603273852,565.7336565450503
42,4901142.0,43.0,2011-07-12 20:05:00.000000,62.41699981689453,-51.86899948120117,516.0337449412261,564.6714977241883
43,4901142.0,44.0,2011-07-22 20:13:00.000000,62.71799850463867,-52.91400146484375,513.911536970901,563.3614940626406
44,4901142.0,45.0,2011-08-01 18:16:59.999999,63.04600143432617,-53.042999267578125,519.7411381248537,562.8450686663862
45,4901142.0,46.0,2011-08-11 20:01:00.000000,63.04999923706055,-53.21200180053711,514.166857907978,561.9035820434042
47,4901142.0,48.0,2011-08-31 17:25:00.000000,62.784000396728516,-54.88999938964844,510.85898898102033,564.7450640353579
49,4901142.0,50.0,2011-09-20 20:10:00.000000,63.26599884033203,-56.7239990234375,511.80944496223105,563.6960410924236
50,4901142.0,51.0,2011-09-30 20:18:00.000000,63.29999923706055,-57.244998931884766,512.4585340395046,563.2588198067837
51,4901142.0,52.0,2011-10-10 19:52:00.000000,63.0369987487793,-57.880001068115234,511.962854415315,563.1886002272046
56,4901142.0,57.0,2011-11-29 20:02:59.999999,60.8129997253418,-60.25299835205078,510.3424644952991,566.2831273441465
57,4901142.0,58.0,2011-12-09 17:05:00.000000,60.30699920654297,-60.016998291015625,511.1519204604574,567.5467550622672
58,4901142.0,59.0,2011-12-19 16:54:00.000000,60.22100067138672,-59.33399963378906,511.47394010785746,567.7608366502113
59,4901142.0,60.0,2011-12-29 16:41:00.000000,60.1870002746582,-58.92900085449219,513.1139124683345,569.4294051880486
60,4901142.0,61.0,2012-01-08 16:50:00.000000,60.2869987487793,-59.499000549316406,514.8552069047574,570.0983148118195
61,4901142.0,62.0,2012-01-18 16:54:00.000000,60.104000091552734,-58.90999984741211,510.53888453030345,568.476044637645
62,4901142.0,63.0,2012-01-28 17:20:00.000000,60.20000076293945,-58.8650016784668,509.3637543605342,568.9813337325015
63,4901142.0,64.0,2012-02-07 17:00:00.000000,60.29100036621094,-58.86399841308594,509.61066909800087,568.7015929205818
64,4901142.0,65.0,2012-02-17 17:27:00.000000,60.534000396728516,-58.20800018310547,513.0517558569469,571.2018290320303
65,4901142.0,66.0,2012-02-27 17:35:00.000000,60.38600158691406,-58.20199966430664,514.6864823829492,571.8222006150742
66,4901142.0,67.0,2012-03-08 17:38:00.000000,59.85300064086914,-58.72100067138672,511.2573004358108,569.7245987428324
67,4901142.0,68.0,2012-03-18 20:15:00.000000,59.875999450683594,-58.60100173950195,509.7883261675771,571.9765284316767
68,4901142.0,69.0,2012-03-28 16:54:59.999999,59.0369987487793,-58.83300018310547,520.4389708652636,581.963753908444
69,4901142.0,70.0,2012-04-07 20:15:00.000000,58.56800079345703,-58.99300003051758,511.5419569701119,573.816517055795
70,4901142.0,71.0,2012-04-17 17:47:59.999999,58.48099899291992,-58.474998474121094,507.1495755003457,571.6211614015575
71,4901142.0,72.0,2012-04-27 17:36:00.000000,58.23899841308594,-58.676998138427734,509.6850825694308,571.3208508853089
72,4901142.0,73.0,2012-05-07 20:13:00.000000,57.92300033569336,-57.70800018310547,509.9707628043879,569.9871608546783
73,4901142.0,74.0,2012-05-17 17:47:00.000000,57.41699981689453,-56.834999084472656,513.0914007584231,570.8034988652597
74,4901142.0,75.0,2012-05-27 20:18:00.000000,56.92399978637695,-56.59600067138672,514.4009954948966,571.750304558834
75,4901142.0,76.0,2012-06-06 17:42:00.000000,56.41999816894531,-56.41400146484375,517.5662509944099,571.6808552536013
76,4901142.0,77.0,2012-06-16 20:18:00.000000,55.64799880981445,-56.1870002746582,514.4114616227185,570.0871433807234
77,4901142.0,78.0,2012-06-26 20:21:00.000000,55.229000091552734,-54.19200134277344,512.3689152087485,572.2564122337474
78,4901142.0,79.0,2012-07-06 20:07:00.000000,54.60300064086914,-52.527000427246094,512.0027078467549,570.4995408665307
79,4901142.0,80.0,2012-07-16 17:16:00.000000,53.73099899291992,-51.16699981689453,510.656604404212,569.8184630645301
80,4901142.0,81.0,2012-07-26 17:42:00.000000,53.82899856567383,-51.51599884033203,510.2538750963685,568.9881400112006
81,4901142.0,82.0,2012-08-05 17:49:00.000000,53.2859992980957,-50.9630012512207,511.732346012976,569.3608026045349
0,4901779.0,0.0,2015-05-15 09:59:00.000000,56.31079864501953,-52.926300048828125,522.8134095802177,576.4243560926523
1,4901779.0,1.0,2015-05-24 13:50:00.000000,57.18830108642578,-54.465301513671875,520.718911574863,576.4611138727112
2,4901779.0,2.0,2015-06-03 13:40:00.000000,56.62540054321289,-52.456199645996094,520.7425314057418,576.5308818906069
3,4901779.0,3.0,2015-06-13 13:50:00.000000,57.202980041503906,-51.110389709472656,518.3078622533816,576.5012893526183
4,4901779.0,4.0,2015-06-23 13:49:00.000000,57.15019989013672,-49.6598014831543,517.3947015530545,575.9538407238717
5,4901779.0,5.0,2015-07-03 13:46:59.999999,57.4099006652832,-48.885799407958984,515.4399790243399,575.5764719035823
6,4901779.0,6.0,2015-07-13 13:43:00.000000,57.663700103759766,-48.8568000793457,514.0614106129491,575.1755333209275
7,4901779.0,7.0,2015-07-23 13:46:00.000000,57.129600524902344,-47.32590103149414,509.12849329079376,574.3215347662365
8,4901779.0,8.0,2015-08-02 13:46:59.999999,57.256500244140625,-46.30379867553711,507.6816514116827,574.4294753079666
0,4901780.0,0.0,2015-05-15 04:32:00.000000,56.90019989013672,-52.24380111694336,516.9293703181826,576.3056528024936
1,4901780.0,1.0,2015-05-24 14:34:00.000000,56.77370071411133,-51.95790100097656,511.8651098080082,575.8754391678409
2,4901780.0,2.0,2015-06-03 14:39:59.999999,57.089900970458984,-51.385101318359375,509.7623611875114,575.7832021231968
3,4901780.0,3.0,2015-06-13 14:43:00.000000,57.86735916137695,-51.40745544433594,508.16842617266343,575.8076493332331
5,4901780.0,5.0,2015-07-03 14:43:00.000000,57.574798583984375,-55.04199981689453,505.3897394429363,574.9683846319339
6,4901780.0,6.0,2015-07-13 14:43:00.000000,57.78369903564453,-55.95819854736328,501.1957425245504,574.9774997485473
8,4901780.0,9.0,2015-08-12 14:47:00.000000,57.397701263427734,-56.36429977416992,498.2243319898525,573.6128852700292
9,4901780.0,10.0,2015-08-22 14:46:00.000000,56.805999755859375,-55.98270034790039,496.3201181764769,573.1550048388166
10,4901780.0,11.0,2015-09-01 14:43:00.000000,56.487117767333984,-54.94884490966797,495.65151483867214,572.6888828022351
11,4901780.0,12.0,2015-09-11 14:44:00.000000,56.66339874267578,-55.476200103759766,492.6122285575194,572.514472201925
12,4901780.0,13.0,2015-09-21 14:47:59.999999,56.863094329833984,-55.138118743896484,494.4360492208267,572.7117266218274
13,4901780.0,14.0,2015-10-01 14:38:00.000000,56.44919967651367,-55.49639892578125,493.37062005528765,572.9193252920758
14,4901780.0,15.0,2015-10-11 14:43:00.000000,55.95029830932617,-55.3849983215332,493.2969366259426,572.9611339529524
15,4901780.0,16.0,2015-10-21 14:43:00.000000,55.663700103759766,-54.350101470947266,493.40585237111753,573.1530568056228
16,4901780.0,17.0,2015-10-31 14:47:00.000000,55.434600830078125,-53.302398681640625,494.93536724009164,572.9937534942002
17,4901780.0,18.0,2015-11-10 14:43:00.000000,55.3218994140625,-52.2671012878418,493.6445646536635,572.8809318636111
18,4901780.0,21.0,2015-12-10 14:47:00.000000,56.294498443603516,-53.74829864501953,498.55861700175666,574.9247089894964
19,4901780.0,23.0,2015-12-30 14:43:00.000000,57.462459564208984,-53.437042236328125,503.03105861884603,576.2546329493475
20,4901780.0,26.0,2016-01-29 14:37:00.000000,57.830055236816406,-54.45521926879883,508.99247944069026,578.8257979156607
21,4901780.0,27.0,2016-02-08 14:34:00.000000,57.67827606201172,-54.29765319824219,510.7083224410845,579.4754234491279
22,4901780.0,34.0,2016-04-18 14:44:00.000000,58.54324722290039,-54.667545318603516,511.10504241074517,576.3520547109355
23,4901780.0,45.0,2016-08-06 14:43:00.000000,57.57878494262695,-56.18971252441406,497.204689810204,572.4668302362871
24,4901780.0,46.0,2016-08-16 14:45:00.000000,57.11228942871094,-56.06177520751953,494.47541866585675,572.4724608899514
25,4901780.0,47.0,2016-08-26 14:46:00.000000,56.055538177490234,-55.7655143737793,492.96517289597773,572.4243797206173
26,4901780.0,48.0,2016-09-05 14:43:00.000000,55.75678253173828,-54.71974563598633,493.35746618426083,571.9965229888738
27,4901780.0,49.0,2016-09-15 14:43:00.000000,54.851707458496094,-52.68492126464844,492.5556247325064,571.7571440589942
28,4901780.0,50.0,2016-09-25 14:33:00.000000,54.313926696777344,-52.68022537231445,493.8107774112319,571.2935037609982
29,4901780.0,51.0,2016-10-05 14:50:00.000000,53.634918212890625,-51.933311462402344,492.4248017114806,571.3196192668612
30,4901780.0,52.0,2016-10-15 14:43:00.000000,52.75359344482422,-49.86976623535156,492.4940448067845,570.8984232969498
31,4901780.0,53.0,2016-10-25 14:46:00.000000,51.8134765625,-49.34348678588867,491.2937415809023,571.8109454072253
32,4901780.0,54.0,2016-11-04 14:41:00.000000,51.9051399230957,-49.14875793457031,490.1370423841578,571.2294099048515
33,4901780.0,55.0,2016-11-14 14:41:00.000000,51.833251953125,-49.10708999633789,489.8178097180043,571.6760310154841
34,4901780.0,56.0,2016-11-24 14:43:00.000000,51.801727294921875,-49.2132682800293,490.33845123205384,571.417363286593
35,4901780.0,57.0,2016-12-04 14:39:59.999999,51.696441650390625,-48.773658752441406,483.7528265337112,570.644687892329
36,4901780.0,58.0,2016-12-14 14:53:00.000000,51.63056182861328,-48.68361282348633,482.4008040355669,570.5161452762409
37,4901780.0,60.0,2017-01-03 14:46:00.000000,50.25732421875,-48.44589614868164,490.36980714612025,572.8679303601641
38,4901780.0,61.0,2017-01-13 14:50:00.000000,49.705074310302734,-48.3728141784668,489.5321353330923,572.863643517051
39,4901780.0,62.0,2017-01-23 14:44:00.000000,49.201202392578125,-48.47955322265625,490.64947574186596,573.8780558558194
40,4901780.0,63.0,2017-02-02 14:49:00.000000,48.94137191772461,-48.15040969848633,491.3823311126139,573.8489601091301
42,4901780.0,65.0,2017-02-22 14:46:00.000000,48.66012191772461,-46.723690032958984,490.50748728030965,573.0963665195678
43,4901780.0,66.0,2017-03-04 14:46:00.000000,49.170528411865234,-46.07279968261719,490.3483723124941,572.3361996434523
57,4901780.0,89.0,2017-10-20 14:44:00.000000,50.335662841796875,-45.15464401245117,425.1266150253148,546.381600344213
0,4901781.0,0.0,2015-05-10 11:41:00.000000,57.4375,-51.91360092163086,519.3440313707232,576.1882928626287
1,4901781.0,1.0,2015-05-19 15:56:00.000000,57.980323791503906,-52.22444534301758,518.7867429200869,576.4300770166788
0,4901782.0,0.0,2015-05-10 00:26:00.000000,56.544830322265625,-52.71664810180664,521.8153367335332,576.5766494369716
1,4901782.0,1.0,2015-05-19 03:47:00.000000,56.601200103759766,-53.56930160522461,519.1518052326401,576.1398739718512
2,4901782.0,2.0,2015-05-29 03:53:00.000000,57.12950134277344,-53.52539825439453,521.6667371011459,576.5309841240947
3,4901782.0,3.0,2015-06-08 03:48:00.000000,56.596500396728516,-51.96229934692383,517.9246735949989,576.4115521342501
4,4901782.0,4.0,2015-06-18 03:44:00.000000,57.50419998168945,-51.4192008972168,515.286004000962,576.423341358361
5,4901782.0,5.0,2015-06-28 03:53:00.000000,57.267799377441406,-53.653900146484375,514.6607237365753,575.767287062744
6,4901782.0,6.0,2015-07-08 03:53:00.000000,57.00080108642578,-52.85300064086914,510.6432351692875,575.3770626037688
7,4901782.0,7.0,2015-07-18 03:44:00.000000,57.38240051269531,-51.983001708984375,512.0247924814429,574.7835154369847
8,4901782.0,8.0,2015-07-28 03:47:00.000000,57.780799865722656,-52.292301177978516,510.83810360313436,574.8963672870487
9,4901782.0,9.0,2015-08-07 03:46:00.000000,57.679100036621094,-51.597198486328125,509.77639124188113,574.666715974213
10,4901782.0,10.0,2015-08-17 03:43:00.000000,57.417301177978516,-51.53089904785156,509.24890989392395,574.5320971615779
11,4901782.0,11.0,2015-08-27 03:46:00.000000,57.423500061035156,-52.15129852294922,507.73876617825226,574.3175468183248
12,4901782.0,12.0,2015-09-06 03:49:00.000000,57.605587005615234,-52.619869232177734,507.0924545063263,574.5946767685439
13,4901782.0,13.0,2015-09-16 03:43:00.000000,57.61040115356445,-51.71860122680664,507.57166476732334,574.5266513475642
15,4901782.0,15.0,2015-10-06 03:49:00.000000,58.14030075073242,-53.15800094604492,506.51705717621945,574.3954188788388
16,4901782.0,16.0,2015-10-16 03:46:00.000000,58.16740036010742,-53.382198333740234,505.58020575800737,574.2781649952835
17,4901782.0,17.0,2015-10-26 03:45:00.000000,58.28609848022461,-53.685001373291016,504.0281184128152,574.574146487986
18,4901782.0,18.0,2015-11-05 03:45:00.000000,58.34659957885742,-53.446800231933594,504.9503186030615,575.0886182143935
19,4901782.0,19.0,2015-11-15 03:46:00.000000,58.99869918823242,-52.80179977416992,503.6623469364425,574.7102233556192
20,4901782.0,20.0,2015-11-25 03:49:00.000000,58.76219940185547,-54.40890121459961,503.4892522801226,574.0896053513976
21,4901782.0,21.0,2015-12-05 03:49:00.000000,59.32368850708008,-53.58910369873047,502.29281454085634,574.6061238197915
22,4901782.0,22.0,2015-12-15 03:55:00.000000,60.039276123046875,-54.70346450805664,503.0781629574672,575.0559518938649
23,4901782.0,23.0,2015-12-25 03:42:00.000000,60.413204193115234,-53.55445861816406,502.4177548313981,575.2311645709674
24,4901782.0,24.0,2016-01-04 03:50:00.000000,60.401065826416016,-51.89166259765625,496.86645061278887,572.426562056553
25,4901782.0,25.0,2016-01-14 03:49:00.000000,60.10377883911133,-50.831626892089844,495.58847422642907,571.3726241461761
27,4901782.0,27.0,2016-02-03 03:55:00.000000,59.67444610595703,-50.41483688354492,496.9536938983881,571.5828684223975
29,4901782.0,29.0,2016-02-23 03:52:00.000000,59.88966751098633,-48.8453483581543,505.68148630703354,570.8786452288474
30,4901782.0,30.0,2016-03-04 03:51:00.000000,60.90212631225586,-50.5678825378418,500.9515105315703,571.4878804362907
31,4901782.0,31.0,2016-03-14 03:52:00.000000,61.363975524902344,-51.18625259399414,497.52815369210924,571.9110987627473
32,4901782.0,32.0,2016-03-24 03:52:00.000000,61.970733642578125,-52.38508224487305,499.54685012362967,572.4746054488784
33,4901782.0,33.0,2016-04-03 03:49:00.000000,61.327674865722656,-53.169776916503906,502.3971105828441,573.3286919928377
35,4901782.0,35.0,2016-04-23 03:49:00.000000,61.41106033325195,-51.77031707763672,502.4155338964522,572.2422166075897
36,4901782.0,36.0,2016-05-03 03:49:00.000000,61.251705169677734,-52.827213287353516,502.59598674085544,572.3280015430466
37,4901782.0,37.0,2016-05-13 03:48:00.000000,61.74713897705078,-54.24586868286133,503.4984643872786,572.3988441494761
38,4901782.0,38.0,2016-05-23 03:46:00.000000,61.30154800415039,-55.543365478515625,500.02574014910914,571.9048241765569
39,4901782.0,39.0,2016-06-02 03:46:00.000000,60.77369689941406,-56.73255920410156,497.4127989283817,572.442425210301
40,4901782.0,40.0,2016-06-12 03:53:00.000000,61.31901931762695,-56.075660705566406,496.081699725478,572.4195510752811
41,4901782.0,41.0,2016-06-22 03:51:00.000000,60.92654037475586,-57.42841339111328,496.95228477708986,571.3204612545535
42,4901782.0,42.0,2016-07-02 03:46:00.000000,60.81934356689453,-58.31986618041992,492.34614004849334,572.0785435882129
43,4901782.0,43.0,2016-07-12 03:49:00.000000,60.70806884765625,-58.80516052246094,492.1942610596696,571.6945336861479
44,4901782.0,44.0,2016-07-22 03:47:00.000000,61.09535598754883,-59.53290939331055,492.83200611691734,570.0039974141384
45,4901782.0,45.0,2016-08-01 03:52:00.000000,61.50729751586914,-58.834983825683594,490.7103702445357,569.9856470868526
46,4901782.0,46.0,2016-08-11 03:42:00.000000,61.570518493652344,-59.432472229003906,490.5656904673064,570.7228824651754
47,4901782.0,47.0,2016-08-21 03:46:00.000000,61.07530975341797,-59.84024429321289,489.78730618015896,569.9460748298821
48,4901782.0,48.0,2016-08-31 03:49:00.000000,60.721168518066406,-59.659339904785156,488.1443268679447,570.8820611519614
49,4901782.0,49.0,2016-09-10 03:52:00.000000,60.36759948730469,-60.12724685668945,489.773930423115,568.9601958071572
50,4901782.0,50.0,2016-09-20 03:46:00.000000,59.865699768066406,-59.82111358642578,490.4623722051332,570.002237168815
51,4901782.0,51.0,2016-09-30 03:47:00.000000,59.04199981689453,-59.29247283935547,491.6427790706617,569.3095422222333
53,4901782.0,53.0,2016-10-20 03:50:00.000000,57.761661529541016,-58.505332946777344,487.5409068793405,570.1752518722897
54,4901782.0,54.0,2016-10-30 03:47:00.000000,57.63240432739258,-58.30376434326172,488.5627130625549,570.0283392189395
55,4901782.0,55.0,2016-11-09 03:53:00.000000,57.533382415771484,-57.5633659362793,488.90151217195665,570.8556867285878
56,4901782.0,56.0,2016-11-19 03:53:00.000000,57.27524185180664,-57.755615234375,490.6679893146173,570.8325698634889
0,4902383.0,0.0,2016-05-09 09:53:00.000000,56.591060638427734,-52.68400573730469,528.9467332970119,577.6955586313949
2,4902383.0,2.0,2016-05-28 07:46:00.000000,56.83475112915039,-52.24223327636719,524.6704985955462,577.1817349611687
3,4902383.0,3.0,2016-06-07 07:53:00.000000,57.34379196166992,-51.91032409667969,524.7573407319138,576.831305265093
4,4902383.0,4.0,2016-06-17 07:48:00.000000,57.54884719848633,-52.95107650756836,521.6778795297357,578.1381213168522
5,4902383.0,5.0,2016-06-27 07:49:00.000000,56.92073059082031,-54.84105682373047,520.687924841675,576.3477749262089
6,4902383.0,6.0,2016-07-07 07:50:00.000000,57.55015563964844,-54.432830810546875,521.7429688048084,576.1690907539935
7,4902383.0,7.0,2016-07-17 07:48:00.000000,57.54571533203125,-55.19793701171875,518.9318662219436,575.0625556906608
9,4902383.0,9.0,2016-08-06 07:44:00.000000,58.441707611083984,-54.54296875,518.2626135797237,575.4648824199202
10,4902383.0,10.0,2016-08-16 07:46:59.999999,58.49936294555664,-55.481300354003906,515.7602707878874,574.7629506620729
11,4902383.0,11.0,2016-08-26 07:50:00.000000,58.54548263549805,-55.753318786621094,515.8315904796503,574.8642529484596
13,4902383.0,13.0,2016-09-15 07:53:00.000000,59.39099884033203,-53.78368377685547,516.1297599333672,575.0874156910156
14,4902383.0,14.0,2016-09-25 07:44:00.000000,58.97220993041992,-53.40546798706055,516.3013554664133,574.4875021581284
15,4902383.0,15.0,2016-10-05 07:46:00.000000,58.595924377441406,-52.21102523803711,515.1334423697944,573.8281809391268
16,4902383.0,16.0,2016-10-15 07:46:59.999999,58.79429626464844,-53.824851989746094,513.4801942042656,573.6453559282884
18,4902383.0,18.0,2016-11-04 07:46:59.999999,59.90427780151367,-51.38309097290039,513.2193651524691,573.3313387475948
19,4902383.0,19.0,2016-11-14 07:46:59.999999,59.62588882446289,-51.3712043762207,512.7608575330239,573.2962254296917
20,4902383.0,20.0,2016-11-24 07:50:00.000000,59.51728820800781,-51.56296920776367,512.036010001694,572.2408096128925
21,4902383.0,21.0,2016-12-04 07:49:00.000000,59.31237030029297,-51.61830520629883,512.553312572503,573.2606983548307
22,4902383.0,22.0,2016-12-14 07:52:00.000000,59.82697296142578,-51.67668533325195,510.5045977852269,572.6408919594247
23,4902383.0,23.0,2016-12-24 07:46:00.000000,59.560115814208984,-49.95342254638672,511.2187409315293,572.7567828184533
26,4902383.0,26.0,2017-01-23 07:53:00.000000,59.488983154296875,-48.66707229614258,512.6489022607833,574.5053383575671
27,4902383.0,27.0,2017-02-02 07:50:00.000000,59.43609619140625,-48.216007232666016,512.955892840476,574.5343829132204
28,4902383.0,28.0,2017-02-12 07:49:00.000000,59.256317138671875,-48.49235153198242,513.882628304737,574.1618789867404
29,4902383.0,29.0,2017-02-22 07:46:59.999999,59.05857467651367,-49.33030700683594,515.6648708824526,574.595928171854
31,4902383.0,31.0,2017-03-14 07:53:00.000000,58.356163024902344,-50.151634216308594,515.1826338122423,576.9979486324096
32,4902383.0,32.0,2017-03-24 07:46:00.000000,58.296016693115234,-49.673580169677734,523.2841905373278,577.9528012245755
33,4902383.0,33.0,2017-04-03 07:54:59.999999,59.05500030517578,-50.50743103027344,522.3798896854004,576.9863515690606
34,4902383.0,34.0,2017-04-13 07:57:00.000000,58.68721389770508,-51.987464904785156,515.9824545991169,577.0158375674783
35,4902383.0,35.0,2017-04-23 07:54:59.999999,59.115787506103516,-50.96531295776367,520.8363549528905,577.9109595102489
36,4902383.0,36.0,2017-05-03 07:49:00.000000,60.31806945800781,-52.7631950378418,523.185678005853,577.4511987951377
37,4902383.0,37.0,2017-05-13 07:48:00.000000,59.715450286865234,-52.72101974487305,521.0276649902191,575.2986935383416
38,4902383.0,38.0,2017-05-23 07:51:00.000000,59.94876480102539,-51.195438385009766,520.4633778636098,575.3412284316568
39,4902383.0,39.0,2017-06-02 07:53:00.000000,60.37565231323242,-51.487911224365234,520.5868160664467,575.5084696831925
40,4902383.0,40.0,2017-06-12 07:54:59.999999,60.047813415527344,-51.35923767089844,517.3106200330773,574.6696573838897
41,4902383.0,41.0,2017-06-22 07:50:00.000000,58.972110748291016,-52.38777160644531,517.8759841523063,574.5402151003971
42,4902383.0,42.0,2017-07-02 07:51:00.000000,57.90700149536133,-53.0802001953125,517.5324960324623,575.5710473621409
43,4902383.0,43.0,2017-07-12 07:54:00.000000,57.58879852294922,-53.3135986328125,516.8012413927611,575.6239674416775
47,4902383.0,47.0,2017-08-21 07:54:59.999999,57.97944259643555,-51.86185073852539,517.0269886843491,575.8613336039642
49,4902383.0,49.0,2017-09-10 07:54:59.999999,59.06145095825195,-51.64894104003906,512.6112160109825,575.4019421677245
50,4902383.0,50.0,2017-09-20 07:49:00.000000,59.2195930480957,-51.885379791259766,513.0514325150884,574.5932527294681
52,4902383.0,52.0,2017-10-10 07:46:59.999999,58.4814567565918,-50.43620681762695,512.6321741851773,574.33375644507
53,4902383.0,53.0,2017-10-20 07:45:00.000000,57.33879470825195,-50.9592170715332,512.3609441508419,574.5158512267952
54,4902383.0,54.0,2017-10-30 07:53:00.000000,57.53032302856445,-50.92168045043945,512.357990712609,574.7402303936386
55,4902383.0,55.0,2017-11-09 07:45:00.000000,57.22765350341797,-49.56533432006836,512.9594304616646,574.7253404941598
56,4902383.0,56.0,2017-11-19 07:46:59.999999,56.50620651245117,-49.37235641479492,513.4007335074194,575.2661038193362
57,4902383.0,57.0,2017-11-29 07:46:59.999999,55.60553741455078,-50.28614044189453,511.3926746060743,575.1872411571123
58,4902383.0,58.0,2017-12-09 07:40:00.000000,55.23043441772461,-49.93276596069336,502.812440165987,573.6069442598805
59,4902383.0,59.0,2017-12-19 07:52:00.000000,55.56658935546875,-49.7825927734375,530.8210531862622,574.3762507004094
1,4902384.0,1.0,2016-05-23 08:55:00.000000,58.50640106201172,-50.930206298828125,524.3258623848667,576.0676699471607
2,4902384.0,2.0,2016-06-02 08:50:00.000000,58.05247116088867,-51.393760681152344,524.8048907944963,576.0573058349667
3,4902384.0,3.0,2016-06-12 08:47:00.000000,57.874488830566406,-51.51141357421875,524.5264135945578,575.9293712731924
4,4902384.0,5.0,2016-07-02 08:50:00.000000,56.721153259277344,-52.83409118652344,520.5599507375732,575.1858686906278
5,4902384.0,6.0,2016-07-12 08:50:00.000000,56.411598205566406,-52.20359802246094,519.6780918017025,575.0913389532174
6,4902384.0,7.0,2016-07-22 08:43:00.000000,56.85541915893555,-52.04282760620117,518.1920621568291,575.3772368090478
7,4902384.0,8.0,2016-08-01 08:39:00.000000,56.77370834350586,-52.16748046875,517.4201241590398,575.3631225309672
8,4902384.0,9.0,2016-08-11 08:44:00.000000,57.0545768737793,-51.863059997558594,515.9575070738292,575.4365057741742
9,4902384.0,10.0,2016-08-21 08:47:00.000000,57.8322868347168,-51.68224334716797,515.346819788165,574.974681807117
10,4902384.0,11.0,2016-08-31 08:45:00.000000,57.44514083862305,-50.14051055908203,514.4899495435293,574.8484358965889
12,4902384.0,13.0,2016-09-20 08:43:00.000000,56.60394287109375,-48.58824157714844,514.6063099493964,573.9448847131458
13,4902384.0,14.0,2016-09-30 08:43:00.000000,56.862091064453125,-48.092288970947266,512.7058370181022,574.8683405401762
14,4902384.0,15.0,2016-10-10 08:50:00.000000,57.404258728027344,-49.42788314819336,513.087998627838,574.8842684203966
16,4902384.0,17.0,2016-10-30 08:52:00.000000,57.89773178100586,-49.010353088378906,514.1442234364222,573.7284194195486
0,4902386.0,0.0,2016-05-14 22:28:00.000000,57.58210754394531,-51.45073318481445,518.1487676568897,575.896739463288
1,4902386.0,1.0,2016-05-24 10:41:00.000000,57.374691009521484,-50.639625549316406,515.9363694046202,575.9167049871996
0,4902409.0,0.0,2017-10-04 15:05:00.000000,58.62651062011719,-53.60601043701172,501.8993553307739,574.7828412268076
1,4902409.0,1.0,2017-10-14 04:46:00.000000,58.73143768310547,-53.0539665222168,501.934844697972,574.9227367124149
3,4902409.0,3.0,2017-11-03 04:51:00.000000,59.2227897644043,-53.21087646484375,501.9495316913476,573.7312736583383
4,4902409.0,4.0,2017-11-13 04:50:00.000000,58.63163375854492,-52.93320083618164,504.50971571748056,577.1946542594751
5,4902409.0,5.0,2017-11-23 04:50:00.000000,58.98075485229492,-52.881011962890625,503.50063695728267,573.8620475081351
6,4902409.0,6.0,2017-12-03 04:56:00.000000,58.93824768066406,-52.55365753173828,503.5032592652479,574.2640170318783
9,4902409.0,9.0,2018-01-02 04:54:59.999999,58.98892593383789,-50.641719818115234,507.0456897799903,575.617774800185
10,4902409.0,10.0,2018-01-12 04:46:00.000000,58.936405181884766,-49.6829833984375,504.78585847870073,574.8757464340785
11,4902409.0,11.0,2018-01-22 04:50:00.000000,59.10210418701172,-49.36956024169922,505.3934901244617,575.6795057386801
14,4902409.0,14.0,2018-02-21 04:44:00.000000,58.02233123779297,-49.139930725097656,510.1212233877512,577.070765220237
15,4902409.0,15.0,2018-03-03 04:46:59.999999,57.7523078918457,-49.563758850097656,511.2466401307292,578.5411687779497
16,4902409.0,16.0,2018-03-13 04:46:00.000000,57.39033889770508,-50.62310028076172,511.77979970005083,578.7514862405623
17,4902409.0,17.0,2018-03-23 04:57:00.000000,57.610721588134766,-52.20933151245117,511.9776137273209,578.9775270714513
18,4902409.0,18.0,2018-04-02 04:54:00.000000,58.148643493652344,-49.2874641418457,511.5353198754716,577.9050774263983
20,4902409.0,20.0,2018-04-22 04:53:00.000000,57.42620086669922,-50.519046783447266,511.8033182782168,577.5523869492779
21,4902409.0,21.0,2018-05-02 04:58:00.000000,57.21965789794922,-50.15229034423828,514.0260607063162,577.6567145709488
22,4902409.0,22.0,2018-05-12 04:52:00.000000,57.498130798339844,-50.132022857666016,512.4941472501741,577.5939745651046
23,4902409.0,23.0,2018-05-22 04:54:00.000000,57.51045608520508,-49.720924377441406,511.31766429510924,577.5266641150323
24,4902409.0,24.0,2018-06-01 04:48:00.000000,57.18806838989258,-51.221458435058594,510.9136103561477,577.6419584347603
25,4902409.0,25.0,2018-06-11 04:50:00.000000,57.38582992553711,-52.3327751159668,510.3486962878705,577.1028542026778
26,4902409.0,26.0,2018-06-21 04:52:00.000000,57.506439208984375,-52.61548614501953,508.2972252847073,576.6821280563977
27,4902409.0,27.0,2018-07-01 04:58:00.000000,58.05773162841797,-51.99034118652344,509.00248181892,576.7292482947078
28,4902409.0,28.0,2018-07-11 04:49:00.000000,57.928287506103516,-52.17836380004883,508.131827374126,576.9586164418482
30,4902409.0,30.0,2018-07-31 04:46:59.999999,58.70212173461914,-51.14524459838867,507.21338498900576,576.5562206084827
36,4902409.0,36.0,2018-09-29 04:50:00.000000,57.69739532470703,-47.13968276977539,501.81916808405197,575.2018412252864
38,4902409.0,38.0,2018-10-19 04:48:00.000000,57.9453125,-48.01209259033203,501.5543804179496,574.0109244381406
39,4902409.0,39.0,2018-10-29 04:53:00.000000,57.8210334777832,-48.270938873291016,501.8591199489093,574.2092169162137
40,4902409.0,40.0,2018-11-08 04:38:00.000000,57.86603927612305,-48.47663879394531,502.2421231116207,574.4107798507442
41,4902409.0,41.0,2018-11-18 04:52:00.000000,58.30903625488281,-49.000736236572266,502.56256338345025,574.8814599307002
42,4902409.0,42.0,2018-11-28 04:52:00.000000,58.499332427978516,-48.713958740234375,502.45085547908207,574.7562240727342
43,4902409.0,43.0,2018-12-08 04:57:00.000000,58.31536102294922,-49.472843170166016,502.72966435306967,574.6368711562751
44,4902409.0,44.0,2018-12-18 04:53:00.000000,58.370506286621094,-50.31084060668945,502.2912465540592,574.6530001302831
45,4902409.0,45.0,2018-12-28 04:54:59.999999,57.75157165527344,-50.47022247314453,501.86325512371815,574.0778444974551
46,4902409.0,46.0,2019-01-07 04:48:00.000000,57.68136978149414,-49.54279327392578,501.8650851596821,574.9575630116553
47,4902409.0,47.0,2019-01-17 04:32:00.000000,58.60753631591797,-48.90361404418945,503.1973764141279,575.909163408529
48,4902409.0,48.0,2019-01-27 04:46:00.000000,59.04220199584961,-49.46097183227539,503.566851203097,572.9671204262153
51,4902409.0,51.0,2019-02-26 04:49:00.000000,58.825584411621094,-49.2222785949707,503.61991116893745,575.2338521963508
52,4902409.0,52.0,2019-03-08 04:50:00.000000,58.54853057861328,-47.9571418762207,502.4361228331416,574.607119753752
53,4902409.0,53.0,2019-03-18 04:53:00.000000,57.58545684814453,-47.483856201171875,503.3853937852965,575.047711497967
54,4902409.0,54.0,2019-03-28 04:45:00.000000,58.075172424316406,-48.86091613769531,504.8592557649433,576.4645392267606
56,4902409.0,56.0,2019-04-17 04:52:00.000000,57.265926361083984,-48.34696960449219,507.08234876350247,576.2434876425352
57,4902409.0,57.0,2019-04-27 04:51:00.000000,57.21687316894531,-48.27201461791992,506.8231996603163,576.9447897319618
59,4902409.0,59.0,2019-05-17 04:48:00.000000,57.153533935546875,-45.529541015625,506.4631371697327,576.1368692122604
60,4902409.0,60.0,2019-05-27 04:58:00.000000,56.62640380859375,-45.26814270019531,507.4249416000037,576.6589740500493
73,4902409.0,73.0,2019-10-04 04:43:00.000000,56.80002975463867,-45.06203079223633,497.4620812468563,574.4285054009382
38,4902410.0,59.0,2018-10-19 08:31:00.000000,62.86091232299805,-60.619747161865234,-157.41197801221637,599.1573069859998
12,4902481.0,12.0,2019-10-02 05:31:59.999999,56.05080032348633,-48.74372100830078,501.7428370368919,573.5857237817623
17,4902481.0,17.0,2019-11-21 05:34:00.000000,55.765289306640625,-50.543399810791016,498.92711992708047,573.6591233733781
31,4902481.0,31.0,2020-04-09 05:31:59.999999,58.75890350341797,-52.16508102416992,515.0436668266897,577.4508110645714
38,4902481.0,38.0,2020-06-18 05:31:00.000000,56.220096588134766,-51.89674377441406,510.87969697446346,575.1440971006249
49,4902481.0,49.0,2020-10-06 05:20:00.000000,57.58619689941406,-50.87724685668945,501.79025445090394,573.915899640876
50,4902481.0,50.0,2020-10-16 05:20:00.000000,57.611228942871094,-49.8111572265625,501.71704010360804,574.3390528558592
51,4902481.0,51.0,2020-10-26 05:21:00.000000,57.75326156616211,-48.88328170776367,501.2260865590373,574.8939334598022
52,4902481.0,52.0,2020-11-05 05:19:00.000000,57.21651077270508,-48.68892288208008,501.6874473424466,574.7988233604989
53,4902481.0,53.0,2020-11-15 05:39:00.000000,56.99456787109375,-47.234622955322266,499.78249536208733,573.9323108404856
